Country Name,Year,Indicator Name,Year.1,Value
Kenya,2021,Forest area (sq. km),2021,36110.9
Kenya,2020,Forest area (sq. km),2020,36110.9
Kenya,2019,Forest area (sq. km),2019,36110.9
Kenya,2018,Forest area (sq. km),2018,36110.9
Kenya,2017,Forest area (sq. km),2017,35815.3
Kenya,2016,Forest area (sq. km),2016,35519.7
Kenya,2015,Forest area (sq. km),2015,35224.1
Kenya,2014,Forest area (sq. km),2014,35411.96
Kenya,2013,Forest area (sq. km),2013,35599.82
Kenya,2012,Forest area (sq. km),2012,35787.68
Kenya,2011,Forest area (sq. km),2011,35975.54
Kenya,2010,Forest area (sq. km),2010,36163.4
Kenya,2009,Forest area (sq. km),2009,36508.25
Kenya,2008,Forest area (sq. km),2008,36853.1
Kenya,2007,Forest area (sq. km),2007,37197.95
Kenya,2006,Forest area (sq. km),2006,37542.8
Kenya,2005,Forest area (sq. km),2005,37887.65
Kenya,2004,Forest area (sq. km),2004,38232.5
Kenya,2003,Forest area (sq. km),2003,38577.35
Kenya,2002,Forest area (sq. km),2002,38922.2
Kenya,2001,Forest area (sq. km),2001,39267.05
Kenya,2000,Forest area (sq. km),2000,39611.9
Kenya,1999,Forest area (sq. km),1999,39509.25
Kenya,1998,Forest area (sq. km),1998,39406.6
Kenya,1997,Forest area (sq. km),1997,39303.95
Kenya,1996,Forest area (sq. km),1996,39201.3
Kenya,1995,Forest area (sq. km),1995,39098.65
Kenya,1994,Forest area (sq. km),1994,38996.0
Kenya,1993,Forest area (sq. km),1993,38893.35
Kenya,1992,Forest area (sq. km),1992,38790.7
Kenya,1991,Forest area (sq. km),1991,38688.05
Kenya,1990,Forest area (sq. km),1990,38585.4
Kenya,2021,Forest area (% of land area),2021,6.344818498
Kenya,2020,Forest area (% of land area),2020,6.344818498
Kenya,2019,Forest area (% of land area),2019,6.344818498
Kenya,2018,Forest area (% of land area),2018,6.344818498
Kenya,2017,Forest area (% of land area),2017,6.292880486
Kenya,2016,Forest area (% of land area),2016,6.240942475
Kenya,2015,Forest area (% of land area),2015,6.189004463
Kenya,2014,Forest area (% of land area),2014,6.222012159
Kenya,2013,Forest area (% of land area),2013,6.255019855
Kenya,2012,Forest area (% of land area),2012,6.28802755
Kenya,2011,Forest area (% of land area),2011,6.321035246
Kenya,2010,Forest area (% of land area),2010,6.354042942
Kenya,2009,Forest area (% of land area),2009,6.414634361
Kenya,2008,Forest area (% of land area),2008,6.475225779
Kenya,2007,Forest area (% of land area),2007,6.535817198
Kenya,2006,Forest area (% of land area),2006,6.596408617
Kenya,2005,Forest area (% of land area),2005,6.657000035
Kenya,2004,Forest area (% of land area),2004,6.717591454
Kenya,2003,Forest area (% of land area),2003,6.778182872
Kenya,2002,Forest area (% of land area),2002,6.838774291
Kenya,2001,Forest area (% of land area),2001,6.89936571
Kenya,2000,Forest area (% of land area),2000,6.959957128
Kenya,1999,Forest area (% of land area),1999,6.941921144
Kenya,1998,Forest area (% of land area),1998,6.92388516
Kenya,1997,Forest area (% of land area),1997,6.905849176
Kenya,1996,Forest area (% of land area),1996,6.887813192
Kenya,1995,Forest area (% of land area),1995,6.869777208
Kenya,1994,Forest area (% of land area),1994,6.851741224
Kenya,1993,Forest area (% of land area),1993,6.833705239
Kenya,1992,Forest area (% of land area),1992,6.815669255
Kenya,1991,Forest area (% of land area),1991,6.797633271
Kenya,1990,Forest area (% of land area),1990,6.779597287
Kenya,2022,Access to electricity (% of population),2022,76.0
Kenya,2021,Access to electricity (% of population),2021,76.5
Kenya,2020,Access to electricity (% of population),2020,71.5
Kenya,2019,Access to electricity (% of population),2019,69.7
Kenya,2018,Access to electricity (% of population),2018,61.2
Kenya,2017,Access to electricity (% of population),2017,55.8
Kenya,2016,Access to electricity (% of population),2016,53.1
Kenya,2015,Access to electricity (% of population),2015,41.6
Kenya,2014,Access to electricity (% of population),2014,36.0
Kenya,2013,Access to electricity (% of population),2013,40.1
Kenya,2012,Access to electricity (% of population),2012,38.1
Kenya,2011,Access to electricity (% of population),2011,36.2
Kenya,2010,Access to electricity (% of population),2010,19.2
Kenya,2009,Access to electricity (% of population),2009,23.0
Kenya,2008,Access to electricity (% of population),2008,30.3
Kenya,2007,Access to electricity (% of population),2007,28.3
Kenya,2006,Access to electricity (% of population),2006,26.4
Kenya,2005,Access to electricity (% of population),2005,24.5
Kenya,2004,Access to electricity (% of population),2004,22.6
Kenya,2003,Access to electricity (% of population),2003,16.0
Kenya,2002,Access to electricity (% of population),2002,18.9
Kenya,2001,Access to electricity (% of population),2001,17.0
Kenya,2000,Access to electricity (% of population),2000,15.2
Kenya,1999,Access to electricity (% of population),1999,13.20889187
Kenya,1998,Access to electricity (% of population),1998,14.5
Kenya,1997,Access to electricity (% of population),1997,9.326317787
Kenya,1996,Access to electricity (% of population),1996,7.378530502
Kenya,1995,Access to electricity (% of population),1995,5.427343369
Kenya,1994,Access to electricity (% of population),1994,3.473436832
Kenya,1993,Access to electricity (% of population),1993,10.9
Kenya,2021,Renewable energy consumption (% of total final energy consumption),2021,67.7
Kenya,2020,Renewable energy consumption (% of total final energy consumption),2020,69.0
Kenya,2019,Renewable energy consumption (% of total final energy consumption),2019,68.1
Kenya,2018,Renewable energy consumption (% of total final energy consumption),2018,68.7
Kenya,2017,Renewable energy consumption (% of total final energy consumption),2017,68.1
Kenya,2016,Renewable energy consumption (% of total final energy consumption),2016,68.3
Kenya,2015,Renewable energy consumption (% of total final energy consumption),2015,69.2
Kenya,2014,Renewable energy consumption (% of total final energy consumption),2014,71.8
Kenya,2013,Renewable energy consumption (% of total final energy consumption),2013,74.3
Kenya,2012,Renewable energy consumption (% of total final energy consumption),2012,76.2
Kenya,2011,Renewable energy consumption (% of total final energy consumption),2011,74.7
Kenya,2010,Renewable energy consumption (% of total final energy consumption),2010,74.0
Kenya,2009,Renewable energy consumption (% of total final energy consumption),2009,75.6
Kenya,2008,Renewable energy consumption (% of total final energy consumption),2008,78.2
Kenya,2007,Renewable energy consumption (% of total final energy consumption),2007,78.2
Kenya,2006,Renewable energy consumption (% of total final energy consumption),2006,77.6
Kenya,2005,Renewable energy consumption (% of total final energy consumption),2005,79.2
Kenya,2004,Renewable energy consumption (% of total final energy consumption),2004,80.3
Kenya,2003,Renewable energy consumption (% of total final energy consumption),2003,81.6
Kenya,2002,Renewable energy consumption (% of total final energy consumption),2002,78.8
Kenya,2001,Renewable energy consumption (% of total final energy consumption),2001,78.3
Kenya,2000,Renewable energy consumption (% of total final energy consumption),2000,76.8
Kenya,1999,Renewable energy consumption (% of total final energy consumption),1999,77.7
Kenya,1998,Renewable energy consumption (% of total final energy consumption),1998,77.9
Kenya,1997,Renewable energy consumption (% of total final energy consumption),1997,78.1
Kenya,1996,Renewable energy consumption (% of total final energy consumption),1996,77.2
Kenya,1995,Renewable energy consumption (% of total final energy consumption),1995,78.2
Kenya,1994,Renewable energy consumption (% of total final energy consumption),1994,79.3
Kenya,1993,Renewable energy consumption (% of total final energy consumption),1993,79.1
Kenya,1992,Renewable energy consumption (% of total final energy consumption),1992,78.4
Kenya,1991,Renewable energy consumption (% of total final energy consumption),1991,77.8
Kenya,1990,Renewable energy consumption (% of total final energy consumption),1990,76.5
Kenya,2014,CO2 intensity (kg per kg of oil equivalent energy use),2014,0.636054004
Kenya,2013,CO2 intensity (kg per kg of oil equivalent energy use),2013,0.660968555
Kenya,2012,CO2 intensity (kg per kg of oil equivalent energy use),2012,0.601418167
Kenya,2011,CO2 intensity (kg per kg of oil equivalent energy use),2011,0.653942803
Kenya,2010,CO2 intensity (kg per kg of oil equivalent energy use),2010,0.647553822
Kenya,2009,CO2 intensity (kg per kg of oil equivalent energy use),2009,0.626536311
Kenya,2008,CO2 intensity (kg per kg of oil equivalent energy use),2008,0.561494021
Kenya,2007,CO2 intensity (kg per kg of oil equivalent energy use),2007,0.549604795
Kenya,2006,CO2 intensity (kg per kg of oil equivalent energy use),2006,0.557395159
Kenya,2005,CO2 intensity (kg per kg of oil equivalent energy use),2005,0.520546625
Kenya,2004,CO2 intensity (kg per kg of oil equivalent energy use),2004,0.480964705
Kenya,2003,CO2 intensity (kg per kg of oil equivalent energy use),2003,0.444402492
Kenya,2002,CO2 intensity (kg per kg of oil equivalent energy use),2002,0.516037607
Kenya,2001,CO2 intensity (kg per kg of oil equivalent energy use),2001,0.536294185
Kenya,2000,CO2 intensity (kg per kg of oil equivalent energy use),2000,0.587882884
Kenya,1999,CO2 intensity (kg per kg of oil equivalent energy use),1999,0.553911979
Kenya,1998,CO2 intensity (kg per kg of oil equivalent energy use),1998,0.541126073
Kenya,1997,CO2 intensity (kg per kg of oil equivalent energy use),1997,0.52057943
Kenya,1996,CO2 intensity (kg per kg of oil equivalent energy use),1996,0.552961143
Kenya,1995,CO2 intensity (kg per kg of oil equivalent energy use),1995,0.523824044
Kenya,1994,CO2 intensity (kg per kg of oil equivalent energy use),1994,0.505774401
Kenya,1993,CO2 intensity (kg per kg of oil equivalent energy use),1993,0.51047306
Kenya,1992,CO2 intensity (kg per kg of oil equivalent energy use),1992,0.531240988
Kenya,1991,CO2 intensity (kg per kg of oil equivalent energy use),1991,0.539721782
Kenya,1990,CO2 intensity (kg per kg of oil equivalent energy use),1990,0.573193335
Kenya,1989,CO2 intensity (kg per kg of oil equivalent energy use),1989,0.495160324
Kenya,1988,CO2 intensity (kg per kg of oil equivalent energy use),1988,0.473560669
Kenya,1987,CO2 intensity (kg per kg of oil equivalent energy use),1987,0.52465286
Kenya,1986,CO2 intensity (kg per kg of oil equivalent energy use),1986,0.439611203
Kenya,1985,CO2 intensity (kg per kg of oil equivalent energy use),1985,0.433878087
Kenya,1984,CO2 intensity (kg per kg of oil equivalent energy use),1984,0.518882329
Kenya,1983,CO2 intensity (kg per kg of oil equivalent energy use),1983,0.592482341
Kenya,1982,CO2 intensity (kg per kg of oil equivalent energy use),1982,0.607347102
Kenya,1981,CO2 intensity (kg per kg of oil equivalent energy use),1981,0.860527009
Kenya,1980,CO2 intensity (kg per kg of oil equivalent energy use),1980,0.840352623
Kenya,1979,CO2 intensity (kg per kg of oil equivalent energy use),1979,0.708881572
Kenya,1978,CO2 intensity (kg per kg of oil equivalent energy use),1978,0.776415901
Kenya,1977,CO2 intensity (kg per kg of oil equivalent energy use),1977,0.759881455
Kenya,1976,CO2 intensity (kg per kg of oil equivalent energy use),1976,0.727102035
Kenya,1975,CO2 intensity (kg per kg of oil equivalent energy use),1975,0.82340816
Kenya,1974,CO2 intensity (kg per kg of oil equivalent energy use),1974,0.83938099
Kenya,1973,CO2 intensity (kg per kg of oil equivalent energy use),1973,0.689943377
Kenya,1972,CO2 intensity (kg per kg of oil equivalent energy use),1972,0.699769578
Kenya,1971,CO2 intensity (kg per kg of oil equivalent energy use),1971,0.696422265
Kenya,2016,CO2 emissions from gaseous fuel consumption (kt),2016,0.0
Kenya,2015,CO2 emissions from gaseous fuel consumption (kt),2015,0.0
Kenya,2014,CO2 emissions from gaseous fuel consumption (kt),2014,0.0
Kenya,2013,CO2 emissions from gaseous fuel consumption (kt),2013,0.0
Kenya,2012,CO2 emissions from gaseous fuel consumption (kt),2012,0.0
Kenya,2011,CO2 emissions from gaseous fuel consumption (kt),2011,0.0
Kenya,2010,CO2 emissions from gaseous fuel consumption (kt),2010,0.0
Kenya,2009,CO2 emissions from gaseous fuel consumption (kt),2009,0.0
Kenya,2008,CO2 emissions from gaseous fuel consumption (kt),2008,0.0
Kenya,2007,CO2 emissions from gaseous fuel consumption (kt),2007,0.0
Kenya,2006,CO2 emissions from gaseous fuel consumption (kt),2006,0.0
Kenya,2005,CO2 emissions from gaseous fuel consumption (kt),2005,0.0
Kenya,2004,CO2 emissions from gaseous fuel consumption (kt),2004,0.0
Kenya,2003,CO2 emissions from gaseous fuel consumption (kt),2003,0.0
Kenya,2002,CO2 emissions from gaseous fuel consumption (kt),2002,0.0
Kenya,2001,CO2 emissions from gaseous fuel consumption (kt),2001,0.0
Kenya,2000,CO2 emissions from gaseous fuel consumption (kt),2000,0.0
Kenya,1999,CO2 emissions from gaseous fuel consumption (kt),1999,0.0
Kenya,1998,CO2 emissions from gaseous fuel consumption (kt),1998,0.0
Kenya,1997,CO2 emissions from gaseous fuel consumption (kt),1997,0.0
Kenya,1996,CO2 emissions from gaseous fuel consumption (kt),1996,0.0
Kenya,1995,CO2 emissions from gaseous fuel consumption (kt),1995,0.0
Kenya,1994,CO2 emissions from gaseous fuel consumption (kt),1994,0.0
Kenya,1993,CO2 emissions from gaseous fuel consumption (kt),1993,0.0
Kenya,1992,CO2 emissions from gaseous fuel consumption (kt),1992,0.0
Kenya,1991,CO2 emissions from gaseous fuel consumption (kt),1991,0.0
Kenya,1990,CO2 emissions from gaseous fuel consumption (kt),1990,0.0
Kenya,1989,CO2 emissions from gaseous fuel consumption (kt),1989,0.0
Kenya,1988,CO2 emissions from gaseous fuel consumption (kt),1988,0.0
Kenya,1987,CO2 emissions from gaseous fuel consumption (kt),1987,0.0
Kenya,1986,CO2 emissions from gaseous fuel consumption (kt),1986,0.0
Kenya,1985,CO2 emissions from gaseous fuel consumption (kt),1985,0.0
Kenya,1984,CO2 emissions from gaseous fuel consumption (kt),1984,0.0
Kenya,1983,CO2 emissions from gaseous fuel consumption (kt),1983,0.0
Kenya,1982,CO2 emissions from gaseous fuel consumption (kt),1982,0.0
Kenya,1981,CO2 emissions from gaseous fuel consumption (kt),1981,0.0
Kenya,1980,CO2 emissions from gaseous fuel consumption (kt),1980,0.0
Kenya,1979,CO2 emissions from gaseous fuel consumption (kt),1979,0.0
Kenya,1978,CO2 emissions from gaseous fuel consumption (kt),1978,0.0
Kenya,1977,CO2 emissions from gaseous fuel consumption (kt),1977,0.0
Kenya,1976,CO2 emissions from gaseous fuel consumption (kt),1976,0.0
Kenya,1975,CO2 emissions from gaseous fuel consumption (kt),1975,0.0
Kenya,1974,CO2 emissions from gaseous fuel consumption (kt),1974,0.0
Kenya,1973,CO2 emissions from gaseous fuel consumption (kt),1973,0.0
Kenya,1972,CO2 emissions from gaseous fuel consumption (kt),1972,0.0
Kenya,1971,CO2 emissions from gaseous fuel consumption (kt),1971,0.0
Kenya,1970,CO2 emissions from gaseous fuel consumption (kt),1970,0.0
Kenya,1969,CO2 emissions from gaseous fuel consumption (kt),1969,0.0
Kenya,1968,CO2 emissions from gaseous fuel consumption (kt),1968,0.0
Kenya,1967,CO2 emissions from gaseous fuel consumption (kt),1967,0.0
Kenya,1966,CO2 emissions from gaseous fuel consumption (kt),1966,0.0
Kenya,1965,CO2 emissions from gaseous fuel consumption (kt),1965,0.0
Kenya,1964,CO2 emissions from gaseous fuel consumption (kt),1964,0.0
Kenya,1963,CO2 emissions from gaseous fuel consumption (kt),1963,0.0
Kenya,1962,CO2 emissions from gaseous fuel consumption (kt),1962,0.0
Kenya,1961,CO2 emissions from gaseous fuel consumption (kt),1961,0.0
Kenya,1960,CO2 emissions from gaseous fuel consumption (kt),1960,0.0
Kenya,2016,CO2 emissions from gaseous fuel consumption (% of total),2016,0.0
Kenya,2015,CO2 emissions from gaseous fuel consumption (% of total),2015,0.0
Kenya,2014,CO2 emissions from gaseous fuel consumption (% of total),2014,0.0
Kenya,2013,CO2 emissions from gaseous fuel consumption (% of total),2013,0.0
Kenya,2012,CO2 emissions from gaseous fuel consumption (% of total),2012,0.0
Kenya,2011,CO2 emissions from gaseous fuel consumption (% of total),2011,0.0
Kenya,2010,CO2 emissions from gaseous fuel consumption (% of total),2010,0.0
Kenya,2009,CO2 emissions from gaseous fuel consumption (% of total),2009,0.0
Kenya,2008,CO2 emissions from gaseous fuel consumption (% of total),2008,0.0
Kenya,2007,CO2 emissions from gaseous fuel consumption (% of total),2007,0.0
Kenya,2006,CO2 emissions from gaseous fuel consumption (% of total),2006,0.0
Kenya,2005,CO2 emissions from gaseous fuel consumption (% of total),2005,0.0
Kenya,2004,CO2 emissions from gaseous fuel consumption (% of total),2004,0.0
Kenya,2003,CO2 emissions from gaseous fuel consumption (% of total),2003,0.0
Kenya,2002,CO2 emissions from gaseous fuel consumption (% of total),2002,0.0
Kenya,2001,CO2 emissions from gaseous fuel consumption (% of total),2001,0.0
Kenya,2000,CO2 emissions from gaseous fuel consumption (% of total),2000,0.0
Kenya,1999,CO2 emissions from gaseous fuel consumption (% of total),1999,0.0
Kenya,1998,CO2 emissions from gaseous fuel consumption (% of total),1998,0.0
Kenya,1997,CO2 emissions from gaseous fuel consumption (% of total),1997,0.0
Kenya,1996,CO2 emissions from gaseous fuel consumption (% of total),1996,0.0
Kenya,1995,CO2 emissions from gaseous fuel consumption (% of total),1995,0.0
Kenya,1994,CO2 emissions from gaseous fuel consumption (% of total),1994,0.0
Kenya,1993,CO2 emissions from gaseous fuel consumption (% of total),1993,0.0
Kenya,1992,CO2 emissions from gaseous fuel consumption (% of total),1992,0.0
Kenya,1991,CO2 emissions from gaseous fuel consumption (% of total),1991,0.0
Kenya,1990,CO2 emissions from gaseous fuel consumption (% of total),1990,0.0
Kenya,1989,CO2 emissions from gaseous fuel consumption (% of total),1989,0.0
Kenya,1988,CO2 emissions from gaseous fuel consumption (% of total),1988,0.0
Kenya,1987,CO2 emissions from gaseous fuel consumption (% of total),1987,0.0
Kenya,1986,CO2 emissions from gaseous fuel consumption (% of total),1986,0.0
Kenya,1985,CO2 emissions from gaseous fuel consumption (% of total),1985,0.0
Kenya,1984,CO2 emissions from gaseous fuel consumption (% of total),1984,0.0
Kenya,1983,CO2 emissions from gaseous fuel consumption (% of total),1983,0.0
Kenya,1982,CO2 emissions from gaseous fuel consumption (% of total),1982,0.0
Kenya,1981,CO2 emissions from gaseous fuel consumption (% of total),1981,0.0
Kenya,1980,CO2 emissions from gaseous fuel consumption (% of total),1980,0.0
Kenya,1979,CO2 emissions from gaseous fuel consumption (% of total),1979,0.0
Kenya,1978,CO2 emissions from gaseous fuel consumption (% of total),1978,0.0
Kenya,1977,CO2 emissions from gaseous fuel consumption (% of total),1977,0.0
Kenya,1976,CO2 emissions from gaseous fuel consumption (% of total),1976,0.0
Kenya,1975,CO2 emissions from gaseous fuel consumption (% of total),1975,0.0
Kenya,1974,CO2 emissions from gaseous fuel consumption (% of total),1974,0.0
Kenya,1973,CO2 emissions from gaseous fuel consumption (% of total),1973,0.0
Kenya,1972,CO2 emissions from gaseous fuel consumption (% of total),1972,0.0
Kenya,1971,CO2 emissions from gaseous fuel consumption (% of total),1971,0.0
Kenya,1970,CO2 emissions from gaseous fuel consumption (% of total),1970,0.0
Kenya,1969,CO2 emissions from gaseous fuel consumption (% of total),1969,0.0
Kenya,1968,CO2 emissions from gaseous fuel consumption (% of total),1968,0.0
Kenya,1967,CO2 emissions from gaseous fuel consumption (% of total),1967,0.0
Kenya,1966,CO2 emissions from gaseous fuel consumption (% of total),1966,0.0
Kenya,1965,CO2 emissions from gaseous fuel consumption (% of total),1965,0.0
Kenya,1964,CO2 emissions from gaseous fuel consumption (% of total),1964,0.0
Kenya,1963,CO2 emissions from gaseous fuel consumption (% of total),1963,0.0
Kenya,1962,CO2 emissions from gaseous fuel consumption (% of total),1962,0.0
Kenya,1961,CO2 emissions from gaseous fuel consumption (% of total),1961,0.0
Kenya,1960,CO2 emissions from gaseous fuel consumption (% of total),1960,0.0
Kenya,2020,CO2 emissions (kg per 2015 US$ of GDP),2020,0.231412721
Kenya,2019,CO2 emissions (kg per 2015 US$ of GDP),2019,0.231198048
Kenya,2018,CO2 emissions (kg per 2015 US$ of GDP),2018,0.240177757
Kenya,2017,CO2 emissions (kg per 2015 US$ of GDP),2017,0.264856531
Kenya,2016,CO2 emissions (kg per 2015 US$ of GDP),2016,0.264250486
Kenya,2015,CO2 emissions (kg per 2015 US$ of GDP),2015,0.257988943
Kenya,2014,CO2 emissions (kg per 2015 US$ of GDP),2014,0.249992837
Kenya,2013,CO2 emissions (kg per 2015 US$ of GDP),2013,0.226190802
Kenya,2012,CO2 emissions (kg per 2015 US$ of GDP),2012,0.211831287
Kenya,2011,CO2 emissions (kg per 2015 US$ of GDP),2011,0.238275984
Kenya,2010,CO2 emissions (kg per 2015 US$ of GDP),2010,0.240801034
Kenya,2009,CO2 emissions (kg per 2015 US$ of GDP),2009,0.240822864
Kenya,2008,CO2 emissions (kg per 2015 US$ of GDP),2008,0.208484338
Kenya,2007,CO2 emissions (kg per 2015 US$ of GDP),2007,0.198074313
Kenya,2006,CO2 emissions (kg per 2015 US$ of GDP),2006,0.209424236
Kenya,2005,CO2 emissions (kg per 2015 US$ of GDP),2005,0.198825829
Kenya,2004,CO2 emissions (kg per 2015 US$ of GDP),2004,0.18530172
Kenya,2003,CO2 emissions (kg per 2015 US$ of GDP),2003,0.173773557
Kenya,2002,CO2 emissions (kg per 2015 US$ of GDP),2002,0.200526307
Kenya,2001,CO2 emissions (kg per 2015 US$ of GDP),2001,0.207275859
Kenya,2000,CO2 emissions (kg per 2015 US$ of GDP),2000,0.235598855
Kenya,1999,CO2 emissions (kg per 2015 US$ of GDP),1999,0.211808877
Kenya,1998,CO2 emissions (kg per 2015 US$ of GDP),1998,0.208226511
Kenya,1997,CO2 emissions (kg per 2015 US$ of GDP),1997,0.197276361
Kenya,1996,CO2 emissions (kg per 2015 US$ of GDP),1996,0.209888269
Kenya,1995,CO2 emissions (kg per 2015 US$ of GDP),1995,0.199551518
Kenya,1994,CO2 emissions (kg per 2015 US$ of GDP),1994,0.193626426
Kenya,1993,CO2 emissions (kg per 2015 US$ of GDP),1993,0.194959269
Kenya,1992,CO2 emissions (kg per 2015 US$ of GDP),1992,0.198831754
Kenya,1991,CO2 emissions (kg per 2015 US$ of GDP),1991,0.194938875
Kenya,1990,CO2 emissions (kg per 2015 US$ of GDP),1990,0.206000538
Kenya,2020,CO2 emissions (kt),2020,19446.8
Kenya,2019,CO2 emissions (kt),2019,19481.9
Kenya,2018,CO2 emissions (kt),2018,19253.9
Kenya,2017,CO2 emissions (kt),2017,20097.2
Kenya,2016,CO2 emissions (kt),2016,19310.1
Kenya,2015,CO2 emissions (kt),2015,18090.3
Kenya,2014,CO2 emissions (kt),2014,16700.0
Kenya,2013,CO2 emissions (kt),2013,14387.7
Kenya,2012,CO2 emissions (kt),2012,12981.3
Kenya,2011,CO2 emissions (kt),2011,13963.9
Kenya,2010,CO2 emissions (kt),2010,13424.4
Kenya,2009,CO2 emissions (kt),2009,12424.4
Kenya,2008,CO2 emissions (kt),2008,10411.7
Kenya,2007,CO2 emissions (kt),2007,9868.9
Kenya,2006,Access to electricity (% of population),2006,9765.4
Kenya,2005,Access to electricity (% of population),2005,8707.6
Kenya,2004,Access to electricity (% of population),2004,7662.7
Kenya,2003,Access to electricity (% of population),2003,6837.0
Kenya,2002,Access to electricity (% of population),2002,7664.8
Kenya,2001,Access to electricity (% of population),2001,7879.7
Kenya,2000,Access to electricity (% of population),2000,8630.2
Kenya,1999,Access to electricity (% of population),1999,7712.5
Kenya,1998,Access to electricity (% of population),1998,7411.2
Kenya,1997,Access to electricity (% of population),1997,6797.8
Kenya,1996,Access to electricity (% of population),1996,7198.2
Kenya,1995,Access to electricity (% of population),1995,6571.2
Kenya,1994,Access to electricity (% of population),1994,6107.0
Kenya,1993,Access to electricity (% of population),1993,5991.3
Kenya,1992,Access to electricity (% of population),1992,6088.8
Kenya,1991,Access to electricity (% of population),1991,6017.7
Kenya,1990,Access to electricity (% of population),1990,6269.0
Kenya,2016,Access to electricity (% of population),2016,13263.539
Kenya,2015,Access to electricity (% of population),2015,12530.139
Kenya,2014,Access to electricity (% of population),2014,10252.932
Kenya,2013,Access to electricity (% of population),2013,9801.891
Kenya,2012,Access to electricity (% of population),2012,9292.178
Kenya,2011,Access to electricity (% of population),2011,10208.928
Kenya,2010,Access to electricity (% of population),2010,9695.548
Kenya,2009,Access to electricity (% of population),2009,10329.939
Kenya,2008,Access to electricity (% of population),2008,8419.432
Kenya,2007,Access to electricity (% of population),2007,8159.075
Kenya,2006,Access to electricity (% of population),2006,8045.398
Kenya,2005,Access to electricity (% of population),2005,7172.652
Kenya,2004,Access to electricity (% of population),2004,6446.586
Kenya,2003,Renewable energy consumption (% of total final energy consumption),2003,5683.85
Kenya,2002,Renewable energy consumption (% of total final energy consumption),2002,6970.967
Kenya,2001,Renewable energy consumption (% of total final energy consumption),2001,8536.776
Kenya,2000,Renewable energy consumption (% of total final energy consumption),2000,9669.879
Kenya,1999,Renewable energy consumption (% of total final energy consumption),1999,9259.175
Kenya,1998,Renewable energy consumption (% of total final energy consumption),1998,9130.83
Kenya,1997,Renewable energy consumption (% of total final energy consumption),1997,7271.661
Kenya,1996,Renewable energy consumption (% of total final energy consumption),1996,8071.067
Kenya,1995,Renewable energy consumption (% of total final energy consumption),1995,6406.249
Kenya,1994,Renewable energy consumption (% of total final energy consumption),1994,5540.837
Kenya,1993,Renewable energy consumption (% of total final energy consumption),1993,5291.481
Kenya,1992,Renewable energy consumption (% of total final energy consumption),1992,4367.397
Kenya,1991,Renewable energy consumption (% of total final energy consumption),1991,3777.01
Kenya,1990,Renewable energy consumption (% of total final energy consumption),1990,4668.091
Kenya,1989,Renewable energy consumption (% of total final energy consumption),1989,4235.385
Kenya,1988,Renewable energy consumption (% of total final energy consumption),1988,3868.685
Kenya,1987,Renewable energy consumption (% of total final energy consumption),1987,4272.055
Kenya,1986,Renewable energy consumption (% of total final energy consumption),1986,3281.965
Kenya,1985,Renewable energy consumption (% of total final energy consumption),1985,3116.95
Kenya,1984,Renewable energy consumption (% of total final energy consumption),1984,3424.978
Kenya,1983,Renewable energy consumption (% of total final energy consumption),1983,3780.677
Kenya,1982,Renewable energy consumption (% of total final energy consumption),1982,3956.693
Kenya,1981,Renewable energy consumption (% of total final energy consumption),1981,5639.846
Kenya,1980,Renewable energy consumption (% of total final energy consumption),1980,5518.835
Kenya,1979,Renewable energy consumption (% of total final energy consumption),1979,4572.749
Kenya,1978,Renewable energy consumption (% of total final energy consumption),1978,4627.754
Kenya,1977,Renewable energy consumption (% of total final energy consumption),1977,4316.059
Kenya,1976,Renewable energy consumption (% of total final energy consumption),1976,3949.359
Kenya,1975,Renewable energy consumption (% of total final energy consumption),1975,4407.734
Kenya,1974,Renewable energy consumption (% of total final energy consumption),1974,4349.062
Kenya,1973,Renewable energy consumption (% of total final energy consumption),1973,3333.303
Kenya,1972,Renewable energy consumption (% of total final energy consumption),1972,3366.306
Kenya,1971,CO2 intensity (kg per kg of oil equivalent energy use),1971,3072.946
Kenya,1970,CO2 intensity (kg per kg of oil equivalent energy use),1970,2467.891
Kenya,1969,CO2 intensity (kg per kg of oil equivalent energy use),1969,2724.581
Kenya,1968,CO2 intensity (kg per kg of oil equivalent energy use),1968,2442.222
Kenya,1967,CO2 intensity (kg per kg of oil equivalent energy use),1967,2332.212
Kenya,1966,CO2 intensity (kg per kg of oil equivalent energy use),1966,2310.21
Kenya,1965,CO2 intensity (kg per kg of oil equivalent energy use),1965,2082.856
Kenya,1964,CO2 intensity (kg per kg of oil equivalent energy use),1964,2526.563
Kenya,1963,CO2 intensity (kg per kg of oil equivalent energy use),1963,2570.567
Kenya,1962,CO2 intensity (kg per kg of oil equivalent energy use),1962,2332.212
Kenya,1961,CO2 intensity (kg per kg of oil equivalent energy use),1961,2141.528
Kenya,1960,CO2 intensity (kg per kg of oil equivalent energy use),1960,2141.528
Kenya,2016,CO2 intensity (kg per kg of oil equivalent energy use),2016,70.66350027
Kenya,2015,CO2 intensity (kg per kg of oil equivalent energy use),2015,73.31854301
Kenya,2014,CO2 intensity (kg per kg of oil equivalent energy use),2014,68.21644711
Kenya,2013,CO2 intensity (kg per kg of oil equivalent energy use),2013,69.51695745
Kenya,2012,CO2 intensity (kg per kg of oil equivalent energy use),2012,76.60492993
Kenya,2011,CO2 intensity (kg per kg of oil equivalent energy use),2011,78.34940906
Kenya,2010,CO2 intensity (kg per kg of oil equivalent energy use),2010,76.70528481
Kenya,2009,CO2 intensity (kg per kg of oil equivalent energy use),2009,88.21467976
Kenya,2008,CO2 intensity (kg per kg of oil equivalent energy use),2008,84.95895055
Kenya,2007,CO2 intensity (kg per kg of oil equivalent energy use),2007,87.07657417
Kenya,2006,CO2 intensity (kg per kg of oil equivalent energy use),2006,86.50965591
Kenya,2005,CO2 intensity (kg per kg of oil equivalent energy use),2005,86.10626651
Kenya,2004,CO2 intensity (kg per kg of oil equivalent energy use),2004,86.76427995
Kenya,2003,CO2 intensity (kg per kg of oil equivalent energy use),2003,87.04211332
Kenya,2002,CO2 intensity (kg per kg of oil equivalent energy use),2002,93.94834232
Kenya,2001,CO2 intensity (kg per kg of oil equivalent energy use),2001,112.1783968
Kenya,2000,CO2 intensity (kg per kg of oil equivalent energy use),2000,117.4954921
Kenya,1999,CO2 intensity (kg per kg of oil equivalent energy use),1999,123.620494
Kenya,1998,CO2 intensity (kg per kg of oil equivalent energy use),1998,127.5255587
Kenya,1997,CO2 intensity (kg per kg of oil equivalent energy use),1997,109.5129669
Kenya,1996,CO2 intensity (kg per kg of oil equivalent energy use),1996,115.797231
Kenya,1995,CO2 intensity (kg per kg of oil equivalent energy use),1995,100.5690581
Kenya,1994,CO2 intensity (kg per kg of oil equivalent energy use),1994,94.39245315
Kenya,1993,CO2 intensity (kg per kg of oil equivalent energy use),1993,90.29831058
Kenya,1992,CO2 intensity (kg per kg of oil equivalent energy use),1992,73.40163025
Kenya,1991,CO2 intensity (kg per kg of oil equivalent energy use),1991,64.12580645
Kenya,1990,CO2 intensity (kg per kg of oil equivalent energy use),1990,76.02754072
Kenya,1989,CO2 intensity (kg per kg of oil equivalent energy use),1989,81.56779661
Kenya,1988,CO2 intensity (kg per kg of oil equivalent energy use),1988,80.78101072
Kenya,1987,CO2 intensity (kg per kg of oil equivalent energy use),1987,82.56555634
Kenya,1986,CO2 intensity (kg per kg of oil equivalent energy use),1986,78.85462555
Kenya,1985,CO2 intensity (kg per kg of oil equivalent energy use),1985,82.6848249
Kenya,1984,CO2 emissions from gaseous fuel consumption (kt),1984,79.28692699
Kenya,1983,CO2 emissions from gaseous fuel consumption (kt),1983,81.11723053
Kenya,1982,CO2 emissions from gaseous fuel consumption (kt),1982,84.296875
Kenya,1981,CO2 emissions from gaseous fuel consumption (kt),1981,86.40449438
Kenya,1980,CO2 emissions from gaseous fuel consumption (kt),1980,89.05325444
Kenya,1979,CO2 emissions from gaseous fuel consumption (kt),1979,90.75691412
Kenya,1978,CO2 emissions from gaseous fuel consumption (kt),1978,86.91460055
Kenya,1977,CO2 emissions from gaseous fuel consumption (kt),1977,85.35170413
Kenya,1976,CO2 emissions from gaseous fuel consumption (kt),1976,85.68019093
Kenya,1975,CO2 emissions from gaseous fuel consumption (kt),1975,88.57774503
Kenya,1974,CO2 emissions from gaseous fuel consumption (kt),1974,87.85185185
Kenya,1973,CO2 emissions from gaseous fuel consumption (kt),1973,85.03274088
Kenya,1972,CO2 emissions from gaseous fuel consumption (kt),1972,86.93181818
Kenya,1971,CO2 emissions from gaseous fuel consumption (kt),1971,83.38308458
Kenya,1970,CO2 emissions from gaseous fuel consumption (kt),1970,80.02378121
Kenya,1969,CO2 emissions from gaseous fuel consumption (kt),1969,87.00234192
Kenya,1968,CO2 emissions from gaseous fuel consumption (kt),1968,86.60598179
Kenya,1967,CO2 emissions from gaseous fuel consumption (kt),1967,86.29579376
Kenya,1966,CO2 emissions from gaseous fuel consumption (kt),1966,86.06557377
Kenya,1965,CO2 emissions from gaseous fuel consumption (kt),1965,84.39821694
Kenya,1964,CO2 emissions from gaseous fuel consumption (kt),1964,89.36446174
Kenya,1963,CO2 emissions from gaseous fuel consumption (kt),1963,89.98716303
Kenya,1962,CO2 emissions from gaseous fuel consumption (kt),1962,88.82681564
Kenya,1961,CO2 emissions from gaseous fuel consumption (kt),1961,89.16030534
Kenya,1960,CO2 emissions from gaseous fuel consumption (kt),1960,88.21752266
Kenya,2020,CO2 emissions from gaseous fuel consumption (kt),2020,0.374079219
Kenya,2019,CO2 emissions from gaseous fuel consumption (kt),2019,0.382362033
Kenya,2018,CO2 emissions from gaseous fuel consumption (kt),2018,0.385437968
Kenya,2017,CO2 emissions from gaseous fuel consumption (kt),2017,0.41058151
Kenya,2016,CO2 emissions from gaseous fuel consumption (kt),2016,0.403178475
Kenya,2015,CO2 emissions from gaseous fuel consumption (kt),2015,0.386120074
Kenya,2014,CO2 emissions from gaseous fuel consumption (kt),2014,0.364375326
Kenya,2013,CO2 emissions from gaseous fuel consumption (kt),2013,0.321208738
Kenya,2012,CO2 emissions from gaseous fuel consumption (kt),2012,0.296879605
Kenya,2011,CO2 emissions from gaseous fuel consumption (kt),2011,0.327520883
Kenya,2010,CO2 emissions from gaseous fuel consumption (kt),2010,0.323340092
Kenya,2009,CO2 emissions from gaseous fuel consumption (kt),2009,0.307805553
Kenya,2008,CO2 emissions from gaseous fuel consumption (kt),2008,0.265693416
Kenya,2007,CO2 emissions from gaseous fuel consumption (kt),2007,0.259456679
Kenya,2006,CO2 emissions from gaseous fuel consumption (kt),2006,0.264463997
Kenya,2005,CO2 emissions from gaseous fuel consumption (kt),2005,0.242937186
Kenya,2004,CO2 emissions from gaseous fuel consumption (kt),2004,0.220244198
Kenya,2003,CO2 emissions from gaseous fuel consumption (kt),2003,0.202475058
Kenya,2002,CO2 emissions from gaseous fuel consumption (kt),2002,0.233826766
Kenya,2001,CO2 emissions from gaseous fuel consumption (kt),2001,0.247786636
Kenya,2000,CO2 emissions from gaseous fuel consumption (kt),2000,0.279732601
Kenya,1999,CO2 emissions from gaseous fuel consumption (kt),1999,0.257382506
Kenya,1998,CO2 emissions from gaseous fuel consumption (kt),1998,0.254353747
Kenya,1997,CO2 emissions from gaseous fuel consumption (kt),1997,0.239660722
Kenya,1996,CO2 emissions from gaseous fuel consumption (kt),1996,0.260655736
Kenya,1995,CO2 emissions from gaseous fuel consumption (kt),1995,0.24447932
Kenya,1994,CO2 emissions from gaseous fuel consumption (kt),1994,0.233682552
Kenya,1993,CO2 emissions from gaseous fuel consumption (kt),1993,0.235953848
Kenya,1992,CO2 emissions from gaseous fuel consumption (kt),1992,0.246952807
Kenya,1991,CO2 emissions from gaseous fuel consumption (kt),1991,0.251594652
Kenya,1990,CO2 emissions from gaseous fuel consumption (kt),1990,0.270655694
Kenya,2020,CO2 emissions from gaseous fuel consumption (kt),2020,0.077707816
Kenya,2019,CO2 emissions from gaseous fuel consumption (% of total),2019,0.081172217
Kenya,2018,CO2 emissions from gaseous fuel consumption (% of total),2018,0.086928307
Kenya,2017,CO2 emissions from gaseous fuel consumption (% of total),2017,0.097791185
Kenya,2016,CO2 emissions from gaseous fuel consumption (% of total),2016,0.102415608
Kenya,2015,CO2 emissions from gaseous fuel consumption (% of total),2015,0.104443265
Kenya,2014,CO2 emissions from gaseous fuel consumption (% of total),2014,0.107944363
Kenya,2013,CO2 emissions from gaseous fuel consumption (% of total),2013,0.102955565
Kenya,2012,CO2 emissions from gaseous fuel consumption (% of total),2012,0.103882081
Kenya,2011,CO2 emissions from gaseous fuel consumption (% of total),2011,0.118742642
Kenya,2010,CO2 emissions from gaseous fuel consumption (% of total),2010,0.122476729
Kenya,2009,CO2 emissions from gaseous fuel consumption (% of total),2009,0.12397641
Kenya,2008,CO2 emissions from gaseous fuel consumption (% of total),2008,0.107990411
Kenya,2007,CO2 emissions from gaseous fuel consumption (% of total),2007,0.104575011
Kenya,2006,CO2 emissions from gaseous fuel consumption (% of total),2006,0.113562853
Kenya,2005,CO2 emissions from gaseous fuel consumption (% of total),2005,0.111140599
Kenya,2004,CO2 emissions from gaseous fuel consumption (% of total),2004,0.106828559
Kenya,2003,CO2 emissions from gaseous fuel consumption (% of total),2003,0.102876434
Kenya,2002,CO2 emissions from gaseous fuel consumption (% of total),2002,0.121058242
Kenya,2001,CO2 emissions from gaseous fuel consumption (% of total),2001,0.127077523
Kenya,2000,CO2 emissions from gaseous fuel consumption (% of total),2000,0.147694284
Kenya,1999,CO2 emissions from gaseous fuel consumption (% of total),1999,0.135788353
Kenya,1998,CO2 emissions from gaseous fuel consumption (% of total),1998,0.135380777
Kenya,1997,CO2 emissions from gaseous fuel consumption (% of total),1997,0.129702902
Kenya,1996,CO2 emissions from gaseous fuel consumption (% of total),1996,0.140374477
Kenya,1995,CO2 emissions from gaseous fuel consumption (% of total),1995,0.135904559
Kenya,1994,CO2 emissions from gaseous fuel consumption (% of total),1994,0.134634163
Kenya,1993,CO2 emissions from gaseous fuel consumption (% of total),1993,0.138455422
Kenya,1992,CO2 emissions from gaseous fuel consumption (% of total),1992,0.1445526
Kenya,1991,CO2 emissions from gaseous fuel consumption (% of total),1991,0.144952087
Kenya,1990,CO2 emissions from gaseous fuel consumption (% of total),1990,0.158357454
Kenya,2020,CO2 emissions from gaseous fuel consumption (% of total),2020,0.073638689
Kenya,2019,CO2 emissions from gaseous fuel consumption (% of total),2019,0.073570377
Kenya,2018,CO2 emissions from gaseous fuel consumption (% of total),2018,0.076427843
Kenya,2017,CO2 emissions from gaseous fuel consumption (% of total),2017,0.084280967
Kenya,2016,CO2 emissions from gaseous fuel consumption (% of total),2016,0.084088115
Kenya,2015,CO2 emissions from gaseous fuel consumption (% of total),2015,0.082095606
Kenya,2014,CO2 emissions from gaseous fuel consumption (% of total),2014,0.079551136
Kenya,2013,CO2 emissions from gaseous fuel consumption (% of total),2013,0.071977003
Kenya,2012,CO2 emissions from gaseous fuel consumption (% of total),2012,0.067407609
Kenya,2011,CO2 emissions from gaseous fuel consumption (% of total),2011,0.075822673
Kenya,2010,CO2 emissions from gaseous fuel consumption (% of total),2010,0.076626179
Kenya,2009,CO2 emissions from gaseous fuel consumption (% of total),2009,0.076633125
Kenya,2008,CO2 emissions from gaseous fuel consumption (% of total),2008,0.066342565
Kenya,2007,CO2 emissions from gaseous fuel consumption (% of total),2007,0.063029953
Kenya,2006,CO2 emissions from gaseous fuel consumption (% of total),2006,0.066641653
Kenya,2005,CO2 emissions from gaseous fuel consumption (% of total),2005,0.063269095
Kenya,2004,CO2 emissions from gaseous fuel consumption (% of total),2004,0.058965539
Kenya,2003,CO2 emissions from gaseous fuel consumption (% of total),2003,0.05529712
Kenya,2002,CO2 emissions from gaseous fuel consumption (% of total),2002,0.063810211
Kenya,2001,CO2 emissions from gaseous fuel consumption (% of total),2001,0.06595801
Kenya,2000,CO2 emissions from gaseous fuel consumption (% of total),2000,0.074970774
Kenya,1999,CO2 emissions from gaseous fuel consumption (% of total),1999,0.067400478
Kenya,1998,CO2 emissions from gaseous fuel consumption (% of total),1998,0.066260521
Kenya,1997,CO2 emissions from gaseous fuel consumption (% of total),1997,0.062776033
Kenya,1996,CO2 emissions from gaseous fuel consumption (% of total),1996,0.066789315
Kenya,1995,CO2 emissions from gaseous fuel consumption (% of total),1995,0.063500019
Kenya,1994,CO2 emissions from gaseous fuel consumption (% of total),1994,0.061614574
Kenya,1993,CO2 emissions (kg per 2015 US$ of GDP),1993,0.062038703
Kenya,1992,CO2 emissions (kg per 2015 US$ of GDP),1992,0.063270981
Kenya,1991,CO2 emissions (kg per 2015 US$ of GDP),1991,0.062032213
Kenya,1990,CO2 emissions (kg per 2015 US$ of GDP),1990,0.065552186
Kenya,2016,CO2 emissions (kg per 2015 US$ of GDP),2016,1305.452
Kenya,2015,CO2 emissions (kg per 2015 US$ of GDP),2015,1323.787
Kenya,2014,CO2 emissions (kg per 2015 US$ of GDP),2014,1246.78
Kenya,2013,CO2 emissions (kg per 2015 US$ of GDP),2013,1004.758
Kenya,2012,CO2 emissions (kg per 2015 US$ of GDP),2012,909.416
Kenya,2011,CO2 emissions (kg per 2015 US$ of GDP),2011,1015.759
Kenya,2010,CO2 emissions (kg per 2015 US$ of GDP),2010,627.057
Kenya,2009,CO2 emissions (kg per 2015 US$ of GDP),2009,366.7
Kenya,2008,CO2 emissions (kg per 2015 US$ of GDP),2008,410.704
Kenya,2007,CO2 emissions (kg per 2015 US$ of GDP),2007,399.703
Kenya,2006,CO2 emissions (kg per 2015 US$ of GDP),2006,443.707
Kenya,2005,CO2 emissions (kg per 2015 US$ of GDP),2005,333.697
Kenya,2004,CO2 emissions (kg per 2015 US$ of GDP),2004,286.026
Kenya,2003,CO2 emissions (kg per 2015 US$ of GDP),2003,245.689
Kenya,2002,CO2 emissions (kg per 2015 US$ of GDP),2002,264.024
Kenya,2001,CO2 emissions (kg per 2015 US$ of GDP),2001,176.016
Kenya,2000,CO2 emissions (kg per 2015 US$ of GDP),2000,176.016
Kenya,1999,CO2 emissions (kg per 2015 US$ of GDP),1999,194.351
Kenya,1998,CO2 emissions (kg per 2015 US$ of GDP),1998,198.018
Kenya,1997,CO2 emissions (kg per 2015 US$ of GDP),1997,245.689
Kenya,1996,CO2 emissions (kg per 2015 US$ of GDP),1996,352.032
Kenya,1995,CO2 emissions (kg per 2015 US$ of GDP),1995,370.367
Kenya,1994,CO2 emissions (kg per 2015 US$ of GDP),1994,293.36
Kenya,1993,CO2 emissions (kg per 2015 US$ of GDP),1993,352.032
Kenya,1992,CO2 emissions (kg per 2015 US$ of GDP),1992,421.705
Kenya,1991,CO2 emissions (kg per 2015 US$ of GDP),1991,352.032
Kenya,1990,CO2 emissions (kg per 2015 US$ of GDP),1990,403.37
Kenya,1989,CO2 emissions (kt),1989,352.032
Kenya,1988,CO2 emissions (kt),1988,300.694
Kenya,1987,CO2 emissions (kt),1987,245.689
Kenya,1986,CO2 emissions (kt),1986,227.354
Kenya,1985,CO2 emissions (kt),1985,231.021
Kenya,1984,CO2 emissions (kt),1984,315.362
Kenya,1983,CO2 emissions (kt),1983,245.689
Kenya,1982,CO2 emissions (kt),1982,88.008
Kenya,1981,CO2 emissions (kt),1981,238.355
Kenya,1980,CO2 emissions (kt),1980,47.671
Kenya,1979,CO2 emissions (kt),1979,44.004
Kenya,1978,CO2 emissions (kt),1978,139.346
Kenya,1977,CO2 emissions (kt),1977,168.682
Kenya,1976,CO2 emissions (kt),1976,168.682
Kenya,1975,Access to electricity (% of population),1975,121.011
Kenya,1974,Access to electricity (% of population),1974,176.016
Kenya,1973,Access to electricity (% of population),1973,187.017
Kenya,1972,Access to electricity (% of population),1972,106.343
Kenya,1971,Access to electricity (% of population),1971,216.353
Kenya,1970,Access to electricity (% of population),1970,220.02
Kenya,1969,Access to electricity (% of population),1969,84.341
Kenya,1968,Access to electricity (% of population),1968,110.01
Kenya,1967,Access to electricity (% of population),1967,132.012
Kenya,1966,Access to electricity (% of population),1966,128.345
Kenya,1965,Access to electricity (% of population),1965,146.68
Kenya,1964,Access to electricity (% of population),1964,91.675
Kenya,1963,Access to electricity (% of population),1963,113.677
Kenya,1962,Access to electricity (% of population),1962,117.344
Kenya,1961,Access to electricity (% of population),1961,99.009
Kenya,1960,Access to electricity (% of population),1960,113.677
Kenya,2016,Access to electricity (% of population),2016,6.954992009
Kenya,2015,Access to electricity (% of population),2015,7.745974254
Kenya,2014,Access to electricity (% of population),2014,8.295276114
Kenya,2013,Access to electricity (% of population),2013,7.125943262
Kenya,2012,Access to electricity (% of population),2012,7.497246496
Kenya,2011,Access to electricity (% of population),2011,7.795541059
Kenya,2010,Access to electricity (% of population),2010,4.960893987
Kenya,2009,Access to electricity (% of population),2009,3.131511529
Kenya,2008,Access to electricity (% of population),2008,4.144339051
Kenya,2007,Access to electricity (% of population),2007,4.265773746
Kenya,2006,Access to electricity (% of population),2006,4.771043011
Kenya,2005,Access to electricity (% of population),2005,4.005966387
Kenya,2004,Access to electricity (% of population),2004,3.84960969
Kenya,2003,Access to electricity (% of population),2003,3.762465544
Kenya,2002,Renewable energy consumption (% of total final energy consumption),2002,3.558274933
Kenya,2001,Renewable energy consumption (% of total final energy consumption),2001,2.312956636
Kenya,2000,Renewable energy consumption (% of total final energy consumption),2000,2.138712029
Kenya,1999,Renewable energy consumption (% of total final energy consumption),1999,2.594806409
Kenya,1998,Renewable energy consumption (% of total final energy consumption),1998,2.765614525
Kenya,1997,Renewable energy consumption (% of total final energy consumption),1997,3.700135542
Kenya,1996,Renewable energy consumption (% of total final energy consumption),1996,5.050674319
Kenya,1995,Renewable energy consumption (% of total final energy consumption),1995,5.814238619
Kenya,1994,Renewable energy consumption (% of total final energy consumption),1994,4.997614991
Kenya,1993,Renewable energy consumption (% of total final energy consumption),1993,6.007372014
Kenya,1992,Renewable energy consumption (% of total final energy consumption),1992,7.087478992
Kenya,1991,Renewable energy consumption (% of total final energy consumption),1991,5.976774194
Kenya,1990,Renewable energy consumption (% of total final energy consumption),1990,6.569543974
Kenya,1989,Renewable energy consumption (% of total final energy consumption),1989,6.779661017
Kenya,1988,Renewable energy consumption (% of total final energy consumption),1988,6.278713629
Kenya,1987,Renewable energy consumption (% of total final energy consumption),1987,4.748405386
Kenya,1986,Renewable energy consumption (% of total final energy consumption),1986,5.462555066
Kenya,1985,Renewable energy consumption (% of total final energy consumption),1985,6.128404669
Kenya,1984,Renewable energy consumption (% of total final energy consumption),1984,7.300509338
Kenya,1983,Renewable energy consumption (% of total final energy consumption),1983,5.271439811
Kenya,1982,Renewable energy consumption (% of total final energy consumption),1982,1.875
Kenya,1981,Renewable energy consumption (% of total final energy consumption),1981,3.651685393
Kenya,1980,Renewable energy consumption (% of total final energy consumption),1980,0.769230769
Kenya,1979,Renewable energy consumption (% of total final energy consumption),1979,0.873362445
Kenya,1978,Renewable energy consumption (% of total final energy consumption),1978,2.61707989
Kenya,1977,Renewable energy consumption (% of total final energy consumption),1977,3.335750544
Kenya,1976,Renewable energy consumption (% of total final energy consumption),1976,3.659506762
Kenya,1975,Renewable energy consumption (% of total final energy consumption),1975,2.43183493
Kenya,1974,Renewable energy consumption (% of total final energy consumption),1974,3.555555556
Kenya,1973,Renewable energy consumption (% of total final energy consumption),1973,4.770813845
Kenya,1972,Renewable energy consumption (% of total final energy consumption),1972,2.746212121
Kenya,1971,Renewable energy consumption (% of total final energy consumption),1971,5.870646766
Kenya,1970,CO2 intensity (kg per kg of oil equivalent energy use),1970,7.134363853
Kenya,1969,CO2 intensity (kg per kg of oil equivalent energy use),1969,2.693208431
Kenya,1968,CO2 intensity (kg per kg of oil equivalent energy use),1968,3.901170351
Kenya,1967,CO2 intensity (kg per kg of oil equivalent energy use),1967,4.884667571
Kenya,1966,CO2 intensity (kg per kg of oil equivalent energy use),1966,4.781420765
Kenya,1965,CO2 intensity (kg per kg of oil equivalent energy use),1965,5.943536404
Kenya,1964,CO2 intensity (kg per kg of oil equivalent energy use),1964,3.242542153
Kenya,1963,CO2 intensity (kg per kg of oil equivalent energy use),1963,3.979460847
Kenya,1962,CO2 intensity (kg per kg of oil equivalent energy use),1962,4.469273743
Kenya,1961,CO2 intensity (kg per kg of oil equivalent energy use),1961,4.122137405
Kenya,1960,CO2 intensity (kg per kg of oil equivalent energy use),1960,4.682779456
Kenya,2016,CO2 intensity (kg per kg of oil equivalent energy use),2016,3975.081177
Kenya,2015,CO2 intensity (kg per kg of oil equivalent energy use),2015,2703.312744
Kenya,2014,CO2 intensity (kg per kg of oil equivalent energy use),2014,747.5720215
Kenya,2013,CO2 intensity (kg per kg of oil equivalent energy use),2013,501.9967041
Kenya,2012,CO2 intensity (kg per kg of oil equivalent energy use),2012,10.82287598
Kenya,2011,CO2 intensity (kg per kg of oil equivalent energy use),2011,347.8989258
Kenya,2010,CO2 intensity (kg per kg of oil equivalent energy use),2010,155.375
Kenya,2009,CO2 intensity (kg per kg of oil equivalent energy use),2009,164.255249
Kenya,2008,CO2 intensity (kg per kg of oil equivalent energy use),2008,115.8660889
Kenya,2007,CO2 intensity (kg per kg of oil equivalent energy use),2007,37.45501709
Kenya,2006,CO2 intensity (kg per kg of oil equivalent energy use),2006,-96.08709717
Kenya,2005,CO2 intensity (kg per kg of oil equivalent energy use),2005,-117.269043
Kenya,2004,CO2 intensity (kg per kg of oil equivalent energy use),2004,-92.20874023
Kenya,2003,CO2 intensity (kg per kg of oil equivalent energy use),2003,6.778015137
Kenya,2002,CO2 intensity (kg per kg of oil equivalent energy use),2002,25.80554199
Kenya,2001,CO2 intensity (kg per kg of oil equivalent energy use),2001,-15.2008667
Kenya,2000,CO2 intensity (kg per kg of oil equivalent energy use),2000,17.39819336
Kenya,1999,CO2 intensity (kg per kg of oil equivalent energy use),1999,93.7208252
Kenya,1998,CO2 intensity (kg per kg of oil equivalent energy use),1998,-49.43774414
Kenya,1997,CO2 intensity (kg per kg of oil equivalent energy use),1997,-84.56762695
Kenya,1996,CO2 intensity (kg per kg of oil equivalent energy use),1996,-140.4579468
Kenya,1995,CO2 intensity (kg per kg of oil equivalent energy use),1995,-167.8240356
Kenya,1994,CO2 intensity (kg per kg of oil equivalent energy use),1994,-183.4242554
Kenya,1993,CO2 intensity (kg per kg of oil equivalent energy use),1993,-207.4124756
Kenya,1992,CO2 intensity (kg per kg of oil equivalent energy use),1992,-211.6041718
Kenya,1991,CO2 intensity (kg per kg of oil equivalent energy use),1991,-235.6455078
Kenya,1990,CO2 intensity (kg per kg of oil equivalent energy use),1990,-242.4723511
Kenya,1989,CO2 intensity (kg per kg of oil equivalent energy use),1989,2851.063711
Kenya,1988,CO2 intensity (kg per kg of oil equivalent energy use),1988,2684.701929
Kenya,1987,CO2 intensity (kg per kg of oil equivalent energy use),1987,2401.618322
Kenya,1986,CO2 intensity (kg per kg of oil equivalent energy use),1986,2497.739578
Kenya,1985,CO2 intensity (kg per kg of oil equivalent energy use),1985,2395.186577
Kenya,1984,CO2 intensity (kg per kg of oil equivalent energy use),1984,2289.440908
Kenya,1983,CO2 emissions from gaseous fuel consumption (kt),1983,2166.168045
Kenya,1982,CO2 emissions from gaseous fuel consumption (kt),1982,2159.159248
Kenya,2023,Population growth (annual %),2023,1.966741573
Kenya,2022,Population growth (annual %),2022,1.909510311
Kenya,2021,Population growth (annual %),2021,1.942761283
Kenya,2020,Population growth (annual %),2020,2.009700111
Kenya,2019,Population growth (annual %),2019,1.978456948
Kenya,2018,Population growth (annual %),2018,2.032734005
Kenya,2017,Population growth (annual %),2017,2.175708427
Kenya,2016,Population growth (annual %),2016,2.202145562
Kenya,2015,Population growth (annual %),2015,2.20032212
Kenya,2014,Population growth (annual %),2014,2.294178016
Kenya,2013,Population growth (annual %),2013,2.409931364
Kenya,2012,Population growth (annual %),2012,2.525956443
Kenya,2011,Population growth (annual %),2011,2.655435058
Kenya,2010,Population growth (annual %),2010,2.817524067
Kenya,2009,Population growth (annual %),2009,2.960691877
Kenya,2008,Population growth (annual %),2008,2.978845155
Kenya,2007,Population growth (annual %),2007,2.965824801
Kenya,2006,Population growth (annual %),2006,2.974711117
Kenya,2005,Population growth (annual %),2005,2.97658074
Kenya,2004,Population growth (annual %),2004,2.989515436
Kenya,2003,Population growth (annual %),2003,2.967443353
Kenya,2002,Population growth (annual %),2002,3.033609778
Kenya,2001,Population growth (annual %),2001,3.028826855
Kenya,2000,Population growth (annual %),2000,2.915446842
Kenya,1999,Population growth (annual %),1999,2.801269322
Kenya,1998,Population growth (annual %),1998,2.689160274
Kenya,1997,Population growth (annual %),1997,2.674428779
Kenya,1996,Population growth (annual %),1996,2.706473695
Kenya,1995,Population growth (annual %),1995,2.809366538
Kenya,1994,Population growth (annual %),1994,2.879988411
Kenya,1993,Population growth (annual %),1993,2.941842481
Kenya,1992,Population growth (annual %),1992,3.036790519
Kenya,1991,Population growth (annual %),1991,3.211652019
Kenya,1990,Population growth (annual %),1990,3.400831691
Kenya,1989,Population growth (annual %),1989,3.461436577
Kenya,1988,Population growth (annual %),1988,3.500989052
Kenya,1987,Population growth (annual %),1987,3.51480019
Kenya,1986,Population growth (annual %),1986,3.578587415
Kenya,1985,Population growth (annual %),1985,3.659504455
Kenya,1984,Population growth (annual %),1984,3.713984902
Kenya,1983,Population growth (annual %),1983,3.709288516
Kenya,1982,Population growth (annual %),1982,3.658744868
Kenya,1981,Population growth (annual %),1981,3.632683048
Kenya,1980,Population growth (annual %),1980,3.562472319
Kenya,1979,Population growth (annual %),1979,3.472990535
Kenya,1978,Population growth (annual %),1978,3.439280302
Kenya,1977,Population growth (annual %),1977,3.313304432
Kenya,1976,Population growth (annual %),1976,3.245634343
Kenya,1975,Population growth (annual %),1975,3.336334056
Kenya,1974,Population growth (annual %),1974,3.416893429
Kenya,1973,Population growth (annual %),1973,3.488745376
Kenya,1972,Population growth (annual %),1972,3.505083562
Kenya,1971,Population growth (annual %),1971,3.640469604
Kenya,1970,Population growth (annual %),1970,3.851966208
Kenya,1969,Population growth (annual %),1969,3.932207386
Kenya,1968,Population growth (annual %),1968,3.966987518
Kenya,1967,Population growth (annual %),1967,3.984425401
Kenya,1966,Population growth (annual %),1966,4.010961887
Kenya,1965,Population growth (annual %),1965,4.006256107
Kenya,1964,Population growth (annual %),1964,3.947485196
Kenya,1963,Population growth (annual %),1963,3.911480881
Kenya,1962,Population growth (annual %),1962,3.852856965
Kenya,1961,Population growth (annual %),1961,3.74797688
Kenya,2023,"Population, total",2023,55100586.0
Kenya,2022,"Population, total",2022,54027487.0
Kenya,2021,"Population, total",2021,53005614.0
Kenya,2020,"Population, total",2020,51985780.0
Kenya,2019,"Population, total",2019,50951450.0
Kenya,2018,"Population, total",2018,49953304.0
Kenya,2017,"Population, total",2017,48948137.0
Kenya,2016,"Population, total",2016,47894670.0
Kenya,2015,"Population, total",2015,46851488.0
Kenya,2014,"Population, total",2014,45831863.0
Kenya,2013,"Population, total",2013,44792368.0
Kenya,2012,"Population, total",2012,43725806.0
Kenya,2011,"Population, total",2011,42635144.0
Kenya,2010,"Population, total",2010,41517895.0
Kenya,2009,"Population, total",2009,40364444.0
Kenya,2008,"Population, total",2008,39186895.0
Kenya,2007,"Population, total",2007,38036793.0
Kenya,2006,"Population, total",2006,36925253.0
Kenya,2005,"Population, total",2005,35843010.0
Kenya,2004,"Population, total",2004,34791836.0
Kenya,2003,"Population, total",2003,33767122.0
Kenya,2002,"Population, total",2002,32779823.0
Kenya,2001,"Population, total",2001,31800343.0
Kenya,2000,"Population, total",2000,30851606.0
Kenya,1999,"Population, total",1999,29965129.0
Kenya,1998,"Population, total",1998,29137373.0
Kenya,1997,"Population, total",1997,28364264.0
Kenya,1996,"Population, total",1996,27615736.0
Kenya,1995,"Population, total",1995,26878347.0
Kenya,1994,"Population, total",1994,26133744.0
Kenya,1993,"Population, total",1993,25391830.0
Kenya,1992,"Population, total",1992,24655723.0
Kenya,1991,"Population, total",1991,23918235.0
Kenya,1990,"Population, total",1990,23162269.0
Kenya,1989,"Population, total",1989,22387803.0
Kenya,1988,"Population, total",1988,21626122.0
Kenya,1987,"Population, total",1987,20882094.0
Kenya,1986,"Population, total",1986,20160879.0
Kenya,1985,"Population, total",1985,19452161.0
Kenya,1984,"Population, total",1984,18753176.0
Kenya,1983,"Population, total",1983,18069461.0
Kenya,1982,"Population, total",1982,17411491.0
Kenya,1981,"Population, total",1981,16785962.0
Kenya,1980,"Population, total",1980,16187124.0
Kenya,1979,"Population, total",1979,15620613.0
Kenya,1978,"Population, total",1978,15087423.0
Kenya,1977,"Population, total",1977,14577346.0
Kenya,1976,"Population, total",1976,14102268.0
Kenya,1975,"Population, total",1975,13651908.0
Kenya,1974,"Population, total",1974,13203949.0
Kenya,1973,"Population, total",1973,12760405.0
Kenya,1972,"Population, total",1972,12322903.0
Kenya,1971,"Population, total",1971,11898457.0
Kenya,1970,"Population, total",1970,11473087.0
Kenya,1969,"Population, total",1969,11039551.0
Kenya,1968,"Population, total",1968,10613877.0
Kenya,1967,"Population, total",1967,10201068.0
Kenya,1966,"Population, total",1966,9802605.0
Kenya,1965,"Population, total",1965,9417207.0
Kenya,1964,"Population, total",1964,9047387.0
Kenya,1963,"Population, total",1963,8697200.0
Kenya,1962,"Population, total",1962,8363578.0
Kenya,1961,"Population, total",1961,8047470.0
Kenya,1960,"Population, total",1960,7751435.0
Kenya,2023,Urban population growth (annual %),2023,3.737060907
Kenya,2022,Urban population growth (annual %),2022,3.680144053
Kenya,2021,Urban population growth (annual %),2021,3.706016741
Kenya,2020,Urban population growth (annual %),2020,3.768242363
Kenya,2019,Urban population growth (annual %),2019,3.727770713
Kenya,2018,Urban population growth (annual %),2018,3.779308361
Kenya,2017,Urban population growth (annual %),2017,3.911179714
Kenya,2016,Urban population growth (annual %),2016,3.929292299
Kenya,2015,Urban population growth (annual %),2015,3.918168605
Kenya,2014,Urban population growth (annual %),2014,4.001703306
Kenya,2013,Urban population growth (annual %),2013,4.110202956
Kenya,2012,Urban population growth (annual %),2012,4.209720046
Kenya,2011,Urban population growth (annual %),2011,4.329857234
Kenya,2010,Urban population growth (annual %),2010,4.477313458
Kenya,2009,Urban population growth (annual %),2009,4.626563536
Kenya,2008,Urban population growth (annual %),2008,4.659556205
Kenya,2007,Urban population growth (annual %),2007,4.652585088
Kenya,2006,Urban population growth (annual %),2006,4.667345812
Kenya,2005,Urban population growth (annual %),2005,4.674886415
Kenya,2004,Urban population growth (annual %),2004,4.702835005
Kenya,2003,Urban population growth (annual %),2003,4.686361533
Kenya,2002,Urban population growth (annual %),2002,4.75787616
Kenya,2001,Urban population growth (annual %),2001,4.758207441
Kenya,2000,Urban population growth (annual %),2000,4.64966991
Kenya,1999,Urban population growth (annual %),1999,4.493254221
Kenya,1998,Urban population growth (annual %),1998,4.389091907
Kenya,1997,Urban population growth (annual %),1997,4.376846652
Kenya,1996,Urban population growth (annual %),1996,4.421947271
Kenya,1995,Urban population growth (annual %),1995,4.526933147
Kenya,1994,Urban population growth (annual %),1994,4.604910545
Kenya,1993,Urban population growth (annual %),1993,4.673959981
Kenya,1992,Urban population growth (annual %),1992,4.775948376
Kenya,1991,Urban population growth (annual %),1991,4.95772371
Kenya,1990,Urban population growth (annual %),1990,4.983642492
Kenya,1989,Urban population growth (annual %),1989,4.082082038
Kenya,1988,Urban population growth (annual %),1988,4.125535961
Kenya,1987,Urban population growth (annual %),1987,4.137102328
Kenya,1986,Urban population growth (annual %),1986,4.204763441
Kenya,1985,Urban population growth (annual %),1985,4.283376532
Kenya,1984,Urban population growth (annual %),1984,4.341762965
Kenya,1983,Urban population growth (annual %),1983,4.334725344
Kenya,1982,Urban population growth (annual %),1982,4.288076036
Kenya,1981,Urban population growth (annual %),1981,4.259597075
Kenya,1980,Urban population growth (annual %),1980,4.737287956
Kenya,1979,Urban population growth (annual %),1979,7.825825319
Kenya,1978,Urban population growth (annual %),1978,7.8271594
Kenya,1977,Urban population growth (annual %),1977,7.724675804
Kenya,1976,Urban population growth (annual %),1976,7.705632833
Kenya,1975,Urban population growth (annual %),1975,7.809981296
Kenya,1974,Urban population growth (annual %),1974,7.922093321
Kenya,1973,Urban population growth (annual %),1973,8.020215486
Kenya,1972,Urban population growth (annual %),1972,8.075217404
Kenya,1971,Urban population growth (annual %),1971,8.225387216
Kenya,1970,Urban population growth (annual %),1970,8.270607946
Kenya,1969,Urban population growth (annual %),1969,7.287360292
Kenya,1968,Urban population growth (annual %),1968,7.340911769
Kenya,1967,Urban population growth (annual %),1967,7.374905741
Kenya,1966,Urban population growth (annual %),1966,7.404186105
Kenya,1965,Urban population growth (annual %),1965,7.398410188
Kenya,1964,Urban population growth (annual %),1964,7.371676991
Kenya,1963,Urban population growth (annual %),1963,7.250967757
Kenya,1962,Urban population growth (annual %),1962,6.578191452
Kenya,1961,Urban population growth (annual %),1961,6.467968518
Kenya,2023,Urban population,2023,16265693.0
Kenya,2022,Urban population,2022,15669052.0
Kenya,2021,Urban population,2021,15102890.0
Kenya,2020,Urban population,2020,14553419.0
Kenya,2019,Urban population,2019,14015215.0
Kenya,2018,Urban population,2018,13502378.0
Kenya,2017,Urban population,2017,13001604.0
Kenya,2016,Urban population,2016,12502904.0
Kenya,2015,Urban population,2015,12021155.0
Kenya,2014,Urban population,2014,11559254.0
Kenya,2013,Urban population,2013,11105820.0
Kenya,2012,Urban population,2012,10658602.0
Kenya,2011,Urban population,2011,10219218.0
Kenya,2010,Urban population,2010,9786183.0
Kenya,2009,Urban population,2009,9357689.0
Kenya,2008,Urban population,2008,8934612.0
Kenya,2007,Urban population,2007,8527849.0
Kenya,2006,Urban population,2006,8140172.0
Kenya,2005,Urban population,2005,7768972.0
Kenya,2004,Urban population,2004,7414140.0
Kenya,2003,Urban population,2003,7073537.0
Kenya,2002,Urban population,2002,6749693.0
Kenya,2001,Urban population,2001,6436071.0
Kenya,2000,Urban population,2000,6137001.0
Kenya,1999,Urban population,1999,5858183.0
Kenya,1998,Urban population,1998,5600786.0
Kenya,1997,Urban population,1997,5360279.0
Kenya,1996,Urban population,1996,5130728.0
Kenya,1995,Urban population,1995,4908793.0
Kenya,1994,Urban population,1994,4691530.0
Kenya,1993,Urban population,1993,4480388.0
Kenya,1992,Urban population,1992,4275795.0
Kenya,1991,Urban population,1991,4076385.0
Kenya,1990,Urban population,1990,3879217.0
Kenya,1989,Urban population,1989,3690629.0
Kenya,1988,Urban population,1988,3543008.0
Kenya,1987,Urban population,1987,3399814.0
Kenya,1986,Urban population,1986,3262030.0
Kenya,1985,Urban population,1985,3127713.0
Kenya,1984,Urban population,1984,2996570.0
Kenya,1983,Urban population,1983,2869250.0
Kenya,1982,Urban population,1982,2747533.0
Kenya,1981,Urban population,1981,2632207.0
Kenya,1980,Urban population,1980,2522440.0
Kenya,1979,Urban population,1979,2405731.0
Kenya,1978,Urban population,1978,2224641.0
Kenya,1977,Urban population,1977,2057155.0
Kenya,1976,Urban population,1976,1904229.0
Kenya,1975,Urban population,1975,1763007.0
Kenya,1974,Urban population,1974,1630556.0
Kenya,1973,Urban population,1973,1506366.0
Kenya,1972,Urban population,1972,1390270.0
Kenya,1971,Urban population,1971,1282416.0
Kenya,1970,Urban population,1970,1181154.0
Kenya,1969,Urban population,1969,1087396.0
Kenya,1968,Urban population,1968,1010972.0
Kenya,1967,Urban population,1967,939416.0
Kenya,1966,Urban population,1966,872628.0
Kenya,1965,Urban population,1965,810351.0
Kenya,1964,Urban population,1964,752562.0
Kenya,1963,Urban population,1963,699081.0
Kenya,1962,Urban population,1962,650185.0
Kenya,1961,Urban population,1961,608791.0
Kenya,1960,Urban population,1960,570661.0
Kenya,2023,Urban population (% of total population),2023,29.52
Kenya,2022,Urban population (% of total population),2022,29.002
Kenya,2021,Urban population (% of total population),2021,28.493
Kenya,2020,Urban population (% of total population),2020,27.995
Kenya,2019,Urban population (% of total population),2019,27.507
Kenya,2018,Urban population (% of total population),2018,27.03
Kenya,2017,Urban population (% of total population),2017,26.562
Kenya,2016,Urban population (% of total population),2016,26.105
Kenya,2015,Urban population (% of total population),2015,25.658
Kenya,2014,Urban population (% of total population),2014,25.221
Kenya,2013,Urban population (% of total population),2013,24.794
Kenya,2012,Urban population (% of total population),2012,24.376
Kenya,2011,Urban population (% of total population),2011,23.969
Kenya,2010,Urban population (% of total population),2010,23.571
Kenya,2009,Urban population (% of total population),2009,23.183
Kenya,2008,Urban population (% of total population),2008,22.8
Kenya,2007,Urban population (% of total population),2007,22.42
Kenya,2006,Urban population (% of total population),2006,22.045
Kenya,2005,Urban population (% of total population),2005,21.675
Kenya,2004,Urban population (% of total population),2004,21.31
Kenya,2003,Urban population (% of total population),2003,20.948
Kenya,2002,Urban population (% of total population),2002,20.591
Kenya,2001,Urban population (% of total population),2001,20.239
Kenya,2000,Urban population (% of total population),2000,19.892
Kenya,1999,Urban population (% of total population),1999,19.55
Kenya,1998,Urban population (% of total population),1998,19.222
Kenya,1997,Urban population (% of total population),1997,18.898
Kenya,1996,Urban population (% of total population),1996,18.579
Kenya,1995,Urban population (% of total population),1995,18.263
Kenya,1994,Urban population (% of total population),1994,17.952
Kenya,1993,Urban population (% of total population),1993,17.645
Kenya,1992,Urban population (% of total population),1992,17.342
Kenya,1991,Urban population (% of total population),1991,17.043
Kenya,1990,Urban population (% of total population),1990,16.748
Kenya,1989,Urban population (% of total population),1989,16.485
Kenya,1988,Urban population (% of total population),1988,16.383
Kenya,1987,Urban population (% of total population),1987,16.281
Kenya,1986,Urban population (% of total population),1986,16.18
Kenya,1985,Urban population (% of total population),1985,16.079
Kenya,1984,Urban population (% of total population),1984,15.979
Kenya,1983,Urban population (% of total population),1983,15.879
Kenya,1982,Urban population (% of total population),1982,15.78
Kenya,1981,Urban population (% of total population),1981,15.681
Kenya,1980,Urban population (% of total population),1980,15.583
Kenya,1979,Urban population (% of total population),1979,15.401
Kenya,1978,Urban population (% of total population),1978,14.745
Kenya,1977,Urban population (% of total population),1977,14.112
Kenya,1976,Urban population (% of total population),1976,13.503
Kenya,1975,Urban population (% of total population),1975,12.914
Kenya,1974,Urban population (% of total population),1974,12.349
Kenya,1973,Urban population (% of total population),1973,11.805
Kenya,1972,Urban population (% of total population),1972,11.282
Kenya,1971,Urban population (% of total population),1971,10.778
Kenya,1970,Urban population (% of total population),1970,10.295
Kenya,1969,Urban population (% of total population),1969,9.85
Kenya,1968,Urban population (% of total population),1968,9.525
Kenya,1967,Urban population (% of total population),1967,9.209
Kenya,1966,Urban population (% of total population),1966,8.902
Kenya,1965,Urban population (% of total population),1965,8.605
Kenya,1964,Urban population (% of total population),1964,8.318
Kenya,1963,Urban population (% of total population),1963,8.038
Kenya,1962,Urban population (% of total population),1962,7.774
Kenya,1961,Urban population (% of total population),1961,7.565
Kenya,1960,Urban population (% of total population),1960,7.362
Kenya,2010,"Roads, paved (% of total roads)",2010,14.3
Kenya,2009,"Roads, paved (% of total roads)",2009,14.3
Kenya,2008,"Roads, paved (% of total roads)",2008,14.6
Kenya,2004,"Roads, paved (% of total roads)",2004,14.11999989
Kenya,2000,"Roads, paved (% of total roads)",2000,12.10000038
Kenya,1999,"Roads, paved (% of total roads)",1999,12.10000038
Kenya,1998,"Roads, paved (% of total roads)",1998,12.10000038
Kenya,1997,"Roads, paved (% of total roads)",1997,12.10000038
Kenya,1996,"Roads, paved (% of total roads)",1996,12.10000038
Kenya,1995,"Roads, paved (% of total roads)",1995,13.80000019
Kenya,1994,"Roads, paved (% of total roads)",1994,13.60000038
Kenya,1993,"Roads, paved (% of total roads)",1993,14.30000019
Kenya,1992,"Roads, paved (% of total roads)",1992,13.80000019
Kenya,1991,"Roads, paved (% of total roads)",1991,13.30000019
Kenya,1990,"Roads, paved (% of total roads)",1990,12.80000019
